{"cameraMode":{"drawMode":0,"name":"Shaded","section":"Shading Mode"},"sceneLighting":false,"audioPlay":false,"sceneViewState":{"showFog":true,"showMaterialUpdate":false,"showSkybox":false,"showFlares":true,"showImageEffects":true,"showParticleSystems":true},"in2DMode":false,"pivot":{"x":-6.309999465942383,"y":1.2173446416854859,"z":8.5600004196167},"rotation":{"x":-0.4370070695877075,"y":-0.2585521638393402,"z":0.13277962803840638,"w":-0.851224422454834},"size":6.608428955078125,"orthographic":false}