{"cameraMode":{"drawMode":0,"name":"Shaded","section":"Shading Mode"},"sceneLighting":true,"audioPlay":false,"sceneViewState":{"showFog":true,"showMaterialUpdate":false,"showSkybox":true,"showFlares":true,"showImageEffects":true,"showParticleSystems":true},"in2DMode":false,"pivot":{"x":-2.585103988647461,"y":-10.723262786865235,"z":19.54368782043457},"rotation":{"x":-0.41626760363578799,"y":-0.5740211606025696,"z":0.42409974336624148,"w":-0.5634183883666992},"size":29.57291603088379,"orthographic":false}