{"cameraMode":{"drawMode":0,"name":"Shaded","section":"Shading Mode"},"sceneLighting":false,"audioPlay":false,"sceneViewState":{"showFog":true,"showMaterialUpdate":false,"showSkybox":false,"showFlares":true,"showImageEffects":true,"showParticleSystems":true},"in2DMode":false,"pivot":{"x":-6.309999465942383,"y":1.2173446416854859,"z":8.5600004196167},"rotation":{"x":-0.21321186423301698,"y":-0.4207972288131714,"z":0.10245949774980545,"w":-0.8758025169372559},"size":6.608428955078125,"orthographic":false}