{"cameraMode":{"drawMode":0,"name":"Shaded","section":"Shading Mode"},"sceneLighting":true,"audioPlay":false,"sceneViewState":{"showFog":true,"showMaterialUpdate":false,"showSkybox":true,"showFlares":true,"showImageEffects":true,"showParticleSystems":true},"in2DMode":false,"pivot":{"x":-7.8555731773376469,"y":20.158504486083986,"z":14.618558883666993},"rotation":{"x":-0.361051470041275,"y":0.6381646394729614,"z":-0.5002193450927734,"w":-0.4606190621852875},"size":17.120105743408204,"orthographic":false}